{"cameraMode":{"drawMode":0,"name":"Shaded","section":"Shading Mode"},"sceneLighting":true,"audioPlay":false,"sceneViewState":{"m_AlwaysRefresh":false,"showFog":true,"showSkybox":false,"showFlares":true,"showImageEffects":true,"showParticleSystems":true,"showVisualEffectGraphs":true,"m_FxEnabled":true},"in2DMode":false,"pivot":{"x":5.849977493286133,"y":0.7183058261871338,"z":-3.3422067165374758},"rotation":{"x":0.024912355467677118,"y":0.9001209139823914,"z":-0.052244167774915698,"w":0.4324260950088501},"size":8.430987358093262,"orthographic":false}