{"cameraMode":{"drawMode":0,"name":"Shaded","section":"Shading Mode"},"sceneLighting":false,"audioPlay":false,"sceneViewState":{"m_AlwaysRefresh":false,"showFog":true,"showSkybox":false,"showFlares":true,"showImageEffects":true,"showParticleSystems":true,"showVisualEffectGraphs":true,"m_FxEnabled":true},"in2DMode":false,"pivot":{"x":0.007698759436607361,"y":0.14036870002746583,"z":0.22753480076789857},"rotation":{"x":0.05762169882655144,"y":0.16930000483989716,"z":0.00991419330239296,"w":-0.9838618636131287},"size":0.5146614909172058,"orthographic":false}