{"cameraMode":{"drawMode":0,"name":"Shaded","section":"Shading Mode"},"sceneLighting":false,"audioPlay":false,"sceneViewState":{"m_AlwaysRefresh":false,"showFog":true,"showSkybox":false,"showFlares":true,"showImageEffects":true,"showParticleSystems":true,"showVisualEffectGraphs":true,"m_FxEnabled":true},"in2DMode":false,"pivot":{"x":1.5303611755371094,"y":3.3994860649108888,"z":0.08300019800662995},"rotation":{"x":0.1465412825345993,"y":0.5712324976921082,"z":-0.10439883917570114,"w":0.8009141087532044},"size":3.887192726135254,"orthographic":false}