{"cameraMode":{"drawMode":0,"name":"Shaded","section":"Shading Mode"},"sceneLighting":true,"audioPlay":false,"sceneViewState":{"m_AlwaysRefresh":false,"showFog":true,"showSkybox":true,"showFlares":true,"showImageEffects":true,"showParticleSystems":true,"showVisualEffectGraphs":true,"m_FxEnabled":true},"in2DMode":false,"pivot":{"x":-13.317668914794922,"y":1.1736812591552735,"z":-11.481797218322754},"rotation":{"x":-0.1549542248249054,"y":-0.34550026059150698,"z":0.05796224623918533,"w":-0.9237589836120606},"size":1.1253896951675416,"orthographic":false}