{"cameraMode":{"drawMode":0,"name":"Shaded","section":"Shading Mode"},"sceneLighting":true,"audioPlay":false,"sceneViewState":{"m_AlwaysRefresh":false,"showFog":true,"showSkybox":true,"showFlares":true,"showImageEffects":true,"showParticleSystems":true,"showVisualEffectGraphs":true,"m_FxEnabled":true},"in2DMode":false,"pivot":{"x":172.41424560546876,"y":80.44999694824219,"z":105.2815170288086},"rotation":{"x":0.0015001714928075672,"y":-0.007203894667327404,"z":-0.000004167125098319957,"w":-0.9999788999557495},"size":135.8505096435547,"orthographic":false}