{"cameraMode":{"drawMode":0,"name":"Shaded","section":"Shading Mode"},"sceneLighting":true,"audioPlay":false,"sceneViewState":{"m_AlwaysRefresh":false,"showFog":true,"showSkybox":true,"showFlares":true,"showImageEffects":true,"showParticleSystems":true,"showVisualEffectGraphs":true,"m_FxEnabled":true},"in2DMode":false,"pivot":{"x":27.538347244262697,"y":-4.209160804748535,"z":-25.28547477722168},"rotation":{"x":0.062108833342790607,"y":0.8103655576705933,"z":-0.08736708015203476,"w":0.5760635137557983},"size":26.864669799804689,"orthographic":false}