{"cameraMode":{"drawMode":0,"name":"Shaded","section":"Shading Mode"},"sceneLighting":true,"audioPlay":false,"sceneViewState":{"m_AlwaysRefresh":false,"showFog":true,"showSkybox":true,"showFlares":true,"showImageEffects":true,"showParticleSystems":true,"showVisualEffectGraphs":true,"m_FxEnabled":true},"in2DMode":false,"pivot":{"x":-10.821166038513184,"y":2.8976879119873049,"z":-11.045414924621582},"rotation":{"x":0.07950261235237122,"y":0.6778552532196045,"z":-0.07411015033721924,"w":0.7271722555160523},"size":3.8465309143066408,"orthographic":false}