{"cameraMode":{"drawMode":0,"name":"Shaded","section":"Shading Mode"},"sceneLighting":true,"audioPlay":false,"sceneViewState":{"m_AlwaysRefresh":false,"showFog":true,"showSkybox":true,"showFlares":true,"showImageEffects":true,"showParticleSystems":true,"showVisualEffectGraphs":true,"m_FxEnabled":true},"in2DMode":false,"pivot":{"x":107.75416564941406,"y":193.86416625976563,"z":-506.25115966796877},"rotation":{"x":-0.04044545069336891,"y":0.8632705807685852,"z":0.07008028030395508,"w":0.4982949495315552},"size":41.7398796081543,"orthographic":false}