{"cameraMode":{"drawMode":0,"name":"Shaded","section":"Shading Mode"},"sceneLighting":true,"audioPlay":false,"sceneViewState":{"m_AlwaysRefresh":false,"showFog":true,"showSkybox":true,"showFlares":true,"showImageEffects":true,"showParticleSystems":true,"showVisualEffectGraphs":true,"m_FxEnabled":true},"in2DMode":false,"pivot":{"x":-13.370813369750977,"y":3.0564684867858888,"z":-11.997660636901856},"rotation":{"x":0.050677426159381869,"y":0.5462023019790649,"z":-0.03319227322936058,"w":0.8358832597732544},"size":0.19950845837593079,"orthographic":false}