{"cameraMode":{"drawMode":0,"name":"Shaded","section":"Shading Mode"},"sceneLighting":true,"audioPlay":false,"sceneViewState":{"m_AlwaysRefresh":false,"showFog":true,"showSkybox":true,"showFlares":true,"showImageEffects":true,"showParticleSystems":true,"showVisualEffectGraphs":true,"m_FxEnabled":true},"in2DMode":false,"pivot":{"x":1147.0367431640625,"y":718.80615234375,"z":426.5459289550781},"rotation":{"x":-0.06655303388834,"y":-0.0014965113950893283,"z":-0.00009374985529575497,"w":0.9977937340736389},"size":1192.7376708984375,"orthographic":false}