{"cameraMode":{"drawMode":0,"name":"Shaded","section":"Shading Mode"},"sceneLighting":true,"audioPlay":false,"sceneViewState":{"m_AlwaysRefresh":false,"showFog":true,"showSkybox":true,"showFlares":true,"showImageEffects":true,"showParticleSystems":true,"showVisualEffectGraphs":true,"m_FxEnabled":true},"in2DMode":false,"pivot":{"x":-34.472774505615237,"y":-0.12172937393188477,"z":25.857316970825197},"rotation":{"x":0.04272263124585152,"y":-0.13865074515342713,"z":0.006370667368173599,"w":0.9896073341369629},"size":13.82310676574707,"orthographic":false}