{"cameraMode":{"drawMode":0,"name":"Shaded","section":"Shading Mode"},"sceneLighting":true,"audioPlay":false,"sceneViewState":{"m_AlwaysRefresh":false,"showFog":true,"showSkybox":true,"showFlares":true,"showImageEffects":true,"showParticleSystems":true,"showVisualEffectGraphs":true,"m_FxEnabled":true},"in2DMode":false,"pivot":{"x":-11.526345252990723,"y":-2.909381151199341,"z":16.744361877441408},"rotation":{"x":0.19142141938209535,"y":-0.0934760645031929,"z":0.018317095935344697,"w":0.9768791198730469},"size":28.49277114868164,"orthographic":false}