{"cameraMode":{"drawMode":0,"name":"Shaded","section":"Shading Mode"},"sceneLighting":true,"audioPlay":false,"sceneViewState":{"m_AlwaysRefresh":false,"showFog":true,"showSkybox":true,"showFlares":true,"showImageEffects":true,"showParticleSystems":true,"showVisualEffectGraphs":true,"m_FxEnabled":true},"in2DMode":false,"pivot":{"x":32.758811950683597,"y":-38.2953987121582,"z":26.787818908691408},"rotation":{"x":0.26030290126800539,"y":0.3298698365688324,"z":-0.09512948989868164,"w":0.9025028347969055},"size":42.440879821777347,"orthographic":false}