{"cameraMode":{"drawMode":0,"name":"Shaded","section":"Shading Mode"},"sceneLighting":true,"audioPlay":false,"sceneViewState":{"m_AlwaysRefresh":false,"showFog":true,"showSkybox":true,"showFlares":true,"showImageEffects":true,"showParticleSystems":true,"showVisualEffectGraphs":true,"m_FxEnabled":true},"in2DMode":false,"pivot":{"x":-11.1917085647583,"y":1.4440877437591553,"z":-14.290457725524903},"rotation":{"x":0.16617219150066377,"y":0.0760580375790596,"z":-0.012953284196555615,"w":0.9834502935409546},"size":0.19950845837593079,"orthographic":false}