{"cameraMode":{"drawMode":0,"name":"Shaded","section":"Shading Mode"},"sceneLighting":true,"audioPlay":false,"sceneViewState":{"m_AlwaysRefresh":false,"showFog":true,"showSkybox":true,"showFlares":true,"showImageEffects":true,"showParticleSystems":true,"showVisualEffectGraphs":true,"m_FxEnabled":true},"in2DMode":false,"pivot":{"x":-10.598411560058594,"y":0.9562731981277466,"z":-7.569127082824707},"rotation":{"x":-0.22420509159564973,"y":0.18447746336460114,"z":-0.04434644803404808,"w":-0.9559287428855896},"size":2.4736766815185549,"orthographic":false}