{"cameraMode":{"drawMode":0,"name":"Shaded","section":"Shading Mode"},"sceneLighting":true,"audioPlay":false,"sceneViewState":{"m_AlwaysRefresh":false,"showFog":true,"showSkybox":true,"showFlares":true,"showImageEffects":true,"showParticleSystems":true,"showVisualEffectGraphs":true,"m_FxEnabled":true},"in2DMode":false,"pivot":{"x":480.3939208984375,"y":463.757568359375,"z":44.15003204345703},"rotation":{"x":-0.06146097183227539,"y":-0.004502022638916969,"z":0.0003052557003684342,"w":-0.9981186389923096},"size":480.31695556640627,"orthographic":false}