{"cameraMode":{"drawMode":0,"name":"Shaded","section":"Shading Mode"},"sceneLighting":true,"audioPlay":false,"sceneViewState":{"m_AlwaysRefresh":false,"showFog":true,"showSkybox":true,"showFlares":true,"showImageEffects":true,"showParticleSystems":true,"showVisualEffectGraphs":true,"m_FxEnabled":true},"in2DMode":false,"pivot":{"x":-1.6392264366149903,"y":-9.125706672668457,"z":31.52389907836914},"rotation":{"x":-0.16661855578422547,"y":0.0005838716169819236,"z":-0.00009740324458107352,"w":-0.9860267639160156},"size":33.6488037109375,"orthographic":false}