{"cameraMode":{"drawMode":0,"name":"Shaded","section":"Shading Mode"},"sceneLighting":true,"audioPlay":false,"sceneViewState":{"m_AlwaysRefresh":false,"showFog":true,"showSkybox":true,"showFlares":true,"showImageEffects":true,"showParticleSystems":true,"showVisualEffectGraphs":true,"m_FxEnabled":true},"in2DMode":false,"pivot":{"x":-14.729272842407227,"y":2.6986966133117677,"z":3.1602072715759279},"rotation":{"x":0.010335780680179596,"y":0.17606759071350099,"z":-0.0018487636698409916,"w":0.9843226075172424},"size":8.442997932434082,"orthographic":false}