{"cameraMode":{"drawMode":0,"name":"Shaded","section":"Shading Mode"},"sceneLighting":true,"audioPlay":false,"sceneViewState":{"m_AlwaysRefresh":false,"showFog":true,"showSkybox":true,"showFlares":true,"showImageEffects":true,"showParticleSystems":true,"showVisualEffectGraphs":true,"m_FxEnabled":true},"in2DMode":false,"pivot":{"x":-11.520000457763672,"y":1.198354721069336,"z":-13.239253044128418},"rotation":{"x":0.0017949467292055488,"y":0.8012563586235046,"z":-0.0024037756957113744,"w":0.598313570022583},"size":3.34348201751709,"orthographic":true}