{"cameraMode":{"drawMode":0,"name":"Shaded","section":"Shading Mode"},"sceneLighting":true,"audioPlay":false,"sceneViewState":{"m_AlwaysRefresh":false,"showFog":true,"showSkybox":true,"showFlares":true,"showImageEffects":true,"showParticleSystems":true,"showVisualEffectGraphs":true,"m_FxEnabled":true},"in2DMode":false,"pivot":{"x":934.5296630859375,"y":260.2604064941406,"z":14.896979331970215},"rotation":{"x":-0.06146097183227539,"y":-0.004502022638916969,"z":0.0003052557003684342,"w":-0.9981186389923096},"size":505.5772705078125,"orthographic":false}