{"cameraMode":{"drawMode":0,"name":"Shaded","section":"Shading Mode"},"sceneLighting":false,"audioPlay":false,"sceneViewState":{"m_AlwaysRefresh":false,"showFog":true,"showSkybox":false,"showFlares":true,"showImageEffects":true,"showParticleSystems":true,"showVisualEffectGraphs":true,"m_FxEnabled":true},"in2DMode":false,"pivot":{"x":-0.5537093877792358,"y":-0.12296775728464127,"z":3.948678731918335},"rotation":{"x":0.1465412825345993,"y":0.5712324976921082,"z":-0.10439883917570114,"w":0.8009141087532044},"size":12.607281684875489,"orthographic":false}