{"cameraMode":{"drawMode":0,"name":"Shaded","section":"Shading Mode"},"sceneLighting":false,"audioPlay":false,"sceneViewState":{"m_AlwaysRefresh":false,"showFog":true,"showSkybox":false,"showFlares":true,"showImageEffects":true,"showParticleSystems":true,"showVisualEffectGraphs":true,"m_FxEnabled":true},"in2DMode":false,"pivot":{"x":-0.25708961486816409,"y":0.399156779050827,"z":-0.24148474633693696},"rotation":{"x":0.0025531298015266659,"y":0.9878504872322083,"z":0.01630086451768875,"w":-0.1547471582889557},"size":1.8542020320892335,"orthographic":false}