{"cameraMode":{"drawMode":0,"name":"Shaded","section":"Shading Mode"},"sceneLighting":false,"audioPlay":false,"sceneViewState":{"m_AlwaysRefresh":false,"showFog":true,"showSkybox":false,"showFlares":true,"showImageEffects":true,"showParticleSystems":true,"showVisualEffectGraphs":true,"m_FxEnabled":true},"in2DMode":false,"pivot":{"x":-0.025190778076648713,"y":0.4730696380138397,"z":-0.8518096208572388},"rotation":{"x":-0.001373229781165719,"y":0.998660683631897,"z":0.03746708109974861,"w":0.03657951205968857},"size":1.9298017024993897,"orthographic":false}